{"cameraMode":{"drawMode":0,"name":"Shaded","section":"Shading Mode"},"sceneLighting":true,"audioPlay":false,"sceneViewState":{"m_AlwaysRefresh":false,"showFog":true,"showSkybox":true,"showFlares":true,"showImageEffects":true,"showParticleSystems":true,"showVisualEffectGraphs":true,"m_FxEnabled":true},"in2DMode":false,"pivot":{"x":-8.286581993103028,"y":0.7878167033195496,"z":1.6832669973373414},"rotation":{"x":-0.07819662243127823,"y":0.030500847846269609,"z":-0.0023500462993979456,"w":-0.9964975714683533},"size":2.0960030555725099,"orthographic":false}